{"chunk_definitions":[{"row":14,"row_count":1,"visible":true,"expansion_state":0,"options":{"engine":"r","label":"setup","include":false},"document_id":"2FF7AD33","chunk_id":"csetup_chunk","chunk_label":"setup"},{"row":18,"row_count":1,"visible":true,"expansion_state":0,"options":{"engine":"r","message":false,"include":false,"label":"unnamed-chunk-1"},"document_id":"2FF7AD33","chunk_id":"c1w2g52crblyx","chunk_label":"unnamed-chunk-1"},{"row":32,"row_count":1,"visible":true,"expansion_state":0,"options":{"engine":"r"},"document_id":"2FF7AD33","chunk_id":"ccj9zge1ey78r","chunk_label":"unnamed-chunk-2"},{"row":37,"row_count":1,"visible":true,"expansion_state":0,"options":{"engine":"r","label":"unnamed-chunk-6"},"document_id":"2FF7AD33","chunk_id":"cznhhf1xceu9t","chunk_label":"unnamed-chunk-3"},{"row":41,"row_count":1,"visible":true,"expansion_state":0,"options":{"engine":"r","label":"unnamed-chunk-8"},"document_id":"2FF7AD33","chunk_id":"cqmfy84qb91k2","chunk_label":"unnamed-chunk-4"},{"row":54,"row_count":1,"visible":true,"expansion_state":0,"options":{"engine":"r","label":"unnamed-chunk-22"},"document_id":"2FF7AD33","chunk_id":"cewq5ttdtdy2q","chunk_label":"unnamed-chunk-5"},{"row":59,"row_count":1,"visible":true,"expansion_state":0,"options":{"engine":"r","label":"unnamed-chunk-25"},"document_id":"2FF7AD33","chunk_id":"cpoqya0rhaa2j","chunk_label":"unnamed-chunk-6"},{"row":64,"row_count":1,"visible":true,"expansion_state":0,"options":{"engine":"r","label":"unnamed-chunk-30"},"document_id":"2FF7AD33","chunk_id":"cob7qwy0zknzl","chunk_label":"unnamed-chunk-7"},{"row":73,"row_count":1,"visible":true,"expansion_state":0,"options":{"engine":"r","label":"unnamed-chunk-58"},"document_id":"2FF7AD33","chunk_id":"cp0ikebug7yny","chunk_label":"unnamed-chunk-8"}],"doc_write_time":1594732034}