{"chunk_definitions":[{"row":14,"row_count":1,"visible":true,"expansion_state":0,"options":{"engine":"r","label":"setup","include":false},"document_id":"2FF7AD33","chunk_id":"csetup_chunk","chunk_label":"setup"},{"row":22,"row_count":1,"visible":true,"expansion_state":0,"options":{"engine":"r","message":false,"include":false,"label":"unnamed-chunk-1"},"document_id":"2FF7AD33","chunk_id":"cj8ofqz7v3ibp","chunk_label":"unnamed-chunk-1"},{"row":36,"row_count":1,"visible":true,"expansion_state":0,"options":{"engine":"r","echo":false,"include":false,"label":"unnamed-chunk-2"},"document_id":"2FF7AD33","chunk_id":"ccj9zge1ey78r","chunk_label":"unnamed-chunk-2"},{"row":41,"row_count":1,"visible":true,"expansion_state":0,"options":{"engine":"r","label":"unnamed-chunk-6"},"document_id":"2FF7AD33","chunk_id":"cznhhf1xceu9t","chunk_label":"unnamed-chunk-3"},{"row":45,"row_count":1,"visible":true,"expansion_state":0,"options":{"engine":"r","label":"unnamed-chunk-8"},"document_id":"2FF7AD33","chunk_id":"cqmfy84qb91k2","chunk_label":"unnamed-chunk-4"},{"row":60,"row_count":1,"visible":true,"expansion_state":0,"options":{"engine":"r","label":"unnamed-chunk-3"},"document_id":"2FF7AD33","chunk_id":"cewq5ttdtdy2q","chunk_label":"unnamed-chunk-5"},{"row":65,"row_count":1,"visible":true,"expansion_state":0,"options":{"engine":"r","label":"unnamed-chunk-25"},"document_id":"2FF7AD33","chunk_id":"cpoqya0rhaa2j","chunk_label":"unnamed-chunk-6"},{"row":70,"row_count":1,"visible":true,"expansion_state":0,"options":{"engine":"r","label":"unnamed-chunk-30"},"document_id":"2FF7AD33","chunk_id":"cob7qwy0zknzl","chunk_label":"unnamed-chunk-7"},{"row":82,"row_count":1,"visible":true,"expansion_state":0,"options":{"engine":"r","message":false,"warning":false,"echo":false,"label":"unnamed-chunk-27"},"document_id":"2FF7AD33","chunk_id":"cp0ikebug7yny","chunk_label":"unnamed-chunk-8"},{"row":101,"row_count":1,"visible":true,"expansion_state":0,"options":{"engine":"r","label":"unnamed-chunk-38"},"document_id":"2FF7AD33","chunk_id":"cyhfhrfuackor","chunk_label":"unnamed-chunk-9"},{"row":108,"row_count":1,"visible":true,"expansion_state":0,"options":{"engine":"r","echo":false,"label":"unnamed-chunk-41"},"document_id":"2FF7AD33","chunk_id":"cer8hv6k7xp5q","chunk_label":"unnamed-chunk-10"},{"row":131,"row_count":1,"visible":true,"expansion_state":0,"options":{"engine":"r","label":"unnamed-chunk-49"},"document_id":"2FF7AD33","chunk_id":"c7rrvvxxhml68","chunk_label":"unnamed-chunk-11"},{"row":136,"row_count":1,"visible":true,"expansion_state":0,"options":{"engine":"r","echo":false,"label":"unnamed-chunk-53"},"document_id":"2FF7AD33","chunk_id":"cvmwinkttyhrj","chunk_label":"unnamed-chunk-12"},{"row":143,"row_count":1,"visible":true,"expansion_state":0,"options":{"engine":"r","echo":false,"message":false,"label":"unnamed-chunk-68"},"document_id":"2FF7AD33","chunk_id":"cxz292oorgjj1","chunk_label":"unnamed-chunk-13"},{"row":150,"row_count":1,"visible":true,"expansion_state":0,"options":{"engine":"r","echo":false,"message":false,"label":"unnamed-chunk-77"},"document_id":"2FF7AD33","chunk_id":"cnm0xvg4iw0sl","chunk_label":"unnamed-chunk-14"},{"row":158,"row_count":1,"visible":true,"expansion_state":0,"options":{"engine":"r","echo":false,"message":false,"label":"unnamed-chunk-79"},"document_id":"2FF7AD33","chunk_id":"cm5n640ok4qqa","chunk_label":"unnamed-chunk-15"},{"row":188,"row_count":1,"visible":true,"expansion_state":0,"options":{"engine":"r","label":"unnamed-chunk-116"},"document_id":"2FF7AD33","chunk_id":"cr3qqpy5rp20z","chunk_label":"unnamed-chunk-16"},{"row":193,"row_count":1,"visible":true,"expansion_state":0,"options":{"engine":"r","echo":false,"label":"unnamed-chunk-118"},"document_id":"2FF7AD33","chunk_id":"c0gn0osftnwgc","chunk_label":"unnamed-chunk-17"}],"doc_write_time":1594821949,"working_dir":null,"default_chunk_options":{"echo":true,"warning":false},"chunk_rendered_width":700}