"0","confirmed.global <- confirmed.global %>%
  pivot_longer(-c(`Province/State`,`Country/Region`, `Lat`, `Long`), names_to=""Date"",
               values_to=""count"")
death.global <- death.global %>%
  pivot_longer(-c(`Province/State`,`Country/Region`, `Lat`, `Long`), names_to=""Date"",
               values_to=""count"")
confirmed.global$Date <- as.Date(confirmed.global$Date, ""%m/%d/%y"")
death.global$Date <- as.Date(death.global$Date, ""%m/%d/%y"")
head(confirmed.global, n=2)
"
"0","head(death.global, n=2)"
